Date,Year,Month,Month_Name,Quarter,Weekday,Week_Num
2011-01-01,2011,1,January,1,Saturday,52
2011-01-02,2011,1,January,1,Sunday,52
2011-01-03,2011,1,January,1,Monday,1
2011-01-04,2011,1,January,1,Tuesday,1
2011-01-05,2011,1,January,1,Wednesday,1
2011-01-06,2011,1,January,1,Thursday,1
2011-01-07,2011,1,January,1,Friday,1
2011-01-08,2011,1,January,1,Saturday,1
2011-01-09,2011,1,January,1,Sunday,1
2011-01-10,2011,1,January,1,Monday,2
2011-01-11,2011,1,January,1,Tuesday,2
2011-01-12,2011,1,January,1,Wednesday,2
2011-01-13,2011,1,January,1,Thursday,2
2011-01-14,2011,1,January,1,Friday,2
2011-01-15,2011,1,January,1,Saturday,2
2011-01-16,2011,1,January,1,Sunday,2
2011-01-17,2011,1,January,1,Monday,3
2011-01-18,2011,1,January,1,Tuesday,3
2011-01-19,2011,1,January,1,Wednesday,3
2011-01-20,2011,1,January,1,Thursday,3
2011-01-21,2011,1,January,1,Friday,3
2011-01-22,2011,1,January,1,Saturday,3
2011-01-23,2011,1,January,1,Sunday,3
2011-01-24,2011,1,January,1,Monday,4
2011-01-25,2011,1,January,1,Tuesday,4
2011-01-26,2011,1,January,1,Wednesday,4
2011-01-27,2011,1,January,1,Thursday,4
2011-01-28,2011,1,January,1,Friday,4
2011-01-29,2011,1,January,1,Saturday,4
2011-01-30,2011,1,January,1,Sunday,4
2011-01-31,2011,1,January,1,Monday,5
2011-02-01,2011,2,February,1,Tuesday,5
2011-02-02,2011,2,February,1,Wednesday,5
2011-02-03,2011,2,February,1,Thursday,5
2011-02-04,2011,2,February,1,Friday,5
2011-02-05,2011,2,February,1,Saturday,5
2011-02-06,2011,2,February,1,Sunday,5
2011-02-07,2011,2,February,1,Monday,6
2011-02-08,2011,2,February,1,Tuesday,6
2011-02-09,2011,2,February,1,Wednesday,6
2011-02-10,2011,2,February,1,Thursday,6
2011-02-11,2011,2,February,1,Friday,6
2011-02-12,2011,2,February,1,Saturday,6
2011-02-13,2011,2,February,1,Sunday,6
2011-02-14,2011,2,February,1,Monday,7
2011-02-15,2011,2,February,1,Tuesday,7
2011-02-16,2011,2,February,1,Wednesday,7
2011-02-17,2011,2,February,1,Thursday,7
2011-02-18,2011,2,February,1,Friday,7
2011-02-19,2011,2,February,1,Saturday,7
2011-02-20,2011,2,February,1,Sunday,7
2011-02-21,2011,2,February,1,Monday,8
2011-02-22,2011,2,February,1,Tuesday,8
2011-02-23,2011,2,February,1,Wednesday,8
2011-02-24,2011,2,February,1,Thursday,8
2011-02-25,2011,2,February,1,Friday,8
2011-02-26,2011,2,February,1,Saturday,8
2011-02-27,2011,2,February,1,Sunday,8
2011-02-28,2011,2,February,1,Monday,9
2011-03-01,2011,3,March,1,Tuesday,9
2011-03-02,2011,3,March,1,Wednesday,9
2011-03-03,2011,3,March,1,Thursday,9
2011-03-04,2011,3,March,1,Friday,9
2011-03-05,2011,3,March,1,Saturday,9
2011-03-06,2011,3,March,1,Sunday,9
2011-03-07,2011,3,March,1,Monday,10
2011-03-08,2011,3,March,1,Tuesday,10
2011-03-09,2011,3,March,1,Wednesday,10
2011-03-10,2011,3,March,1,Thursday,10
2011-03-11,2011,3,March,1,Friday,10
2011-03-12,2011,3,March,1,Saturday,10
2011-03-13,2011,3,March,1,Sunday,10
2011-03-14,2011,3,March,1,Monday,11
2011-03-15,2011,3,March,1,Tuesday,11
2011-03-16,2011,3,March,1,Wednesday,11
2011-03-17,2011,3,March,1,Thursday,11
2011-03-18,2011,3,March,1,Friday,11
2011-03-19,2011,3,March,1,Saturday,11
2011-03-20,2011,3,March,1,Sunday,11
2011-03-21,2011,3,March,1,Monday,12
2011-03-22,2011,3,March,1,Tuesday,12
2011-03-23,2011,3,March,1,Wednesday,12
2011-03-24,2011,3,March,1,Thursday,12
2011-03-25,2011,3,March,1,Friday,12
2011-03-26,2011,3,March,1,Saturday,12
2011-03-27,2011,3,March,1,Sunday,12
2011-03-28,2011,3,March,1,Monday,13
2011-03-29,2011,3,March,1,Tuesday,13
2011-03-30,2011,3,March,1,Wednesday,13
2011-03-31,2011,3,March,1,Thursday,13
2011-04-01,2011,4,April,2,Friday,13
2011-04-02,2011,4,April,2,Saturday,13
2011-04-03,2011,4,April,2,Sunday,13
2011-04-04,2011,4,April,2,Monday,14
2011-04-05,2011,4,April,2,Tuesday,14
2011-04-06,2011,4,April,2,Wednesday,14
2011-04-07,2011,4,April,2,Thursday,14
2011-04-08,2011,4,April,2,Friday,14
2011-04-09,2011,4,April,2,Saturday,14
2011-04-10,2011,4,April,2,Sunday,14
2011-04-11,2011,4,April,2,Monday,15
2011-04-12,2011,4,April,2,Tuesday,15
2011-04-13,2011,4,April,2,Wednesday,15
2011-04-14,2011,4,April,2,Thursday,15
2011-04-15,2011,4,April,2,Friday,15
2011-04-16,2011,4,April,2,Saturday,15
2011-04-17,2011,4,April,2,Sunday,15
2011-04-18,2011,4,April,2,Monday,16
2011-04-19,2011,4,April,2,Tuesday,16
2011-04-20,2011,4,April,2,Wednesday,16
2011-04-21,2011,4,April,2,Thursday,16
2011-04-22,2011,4,April,2,Friday,16
2011-04-23,2011,4,April,2,Saturday,16
2011-04-24,2011,4,April,2,Sunday,16
2011-04-25,2011,4,April,2,Monday,17
2011-04-26,2011,4,April,2,Tuesday,17
2011-04-27,2011,4,April,2,Wednesday,17
2011-04-28,2011,4,April,2,Thursday,17
2011-04-29,2011,4,April,2,Friday,17
2011-04-30,2011,4,April,2,Saturday,17
2011-05-01,2011,5,May,2,Sunday,17
2011-05-02,2011,5,May,2,Monday,18
2011-05-03,2011,5,May,2,Tuesday,18
2011-05-04,2011,5,May,2,Wednesday,18
2011-05-05,2011,5,May,2,Thursday,18
2011-05-06,2011,5,May,2,Friday,18
2011-05-07,2011,5,May,2,Saturday,18
2011-05-08,2011,5,May,2,Sunday,18
2011-05-09,2011,5,May,2,Monday,19
2011-05-10,2011,5,May,2,Tuesday,19
2011-05-11,2011,5,May,2,Wednesday,19
2011-05-12,2011,5,May,2,Thursday,19
2011-05-13,2011,5,May,2,Friday,19
2011-05-14,2011,5,May,2,Saturday,19
2011-05-15,2011,5,May,2,Sunday,19
2011-05-16,2011,5,May,2,Monday,20
2011-05-17,2011,5,May,2,Tuesday,20
2011-05-18,2011,5,May,2,Wednesday,20
2011-05-19,2011,5,May,2,Thursday,20
2011-05-20,2011,5,May,2,Friday,20
2011-05-21,2011,5,May,2,Saturday,20
2011-05-22,2011,5,May,2,Sunday,20
2011-05-23,2011,5,May,2,Monday,21
2011-05-24,2011,5,May,2,Tuesday,21
2011-05-25,2011,5,May,2,Wednesday,21
2011-05-26,2011,5,May,2,Thursday,21
2011-05-27,2011,5,May,2,Friday,21
2011-05-28,2011,5,May,2,Saturday,21
2011-05-29,2011,5,May,2,Sunday,21
2011-05-30,2011,5,May,2,Monday,22
2011-05-31,2011,5,May,2,Tuesday,22
2011-06-01,2011,6,June,2,Wednesday,22
2011-06-02,2011,6,June,2,Thursday,22
2011-06-03,2011,6,June,2,Friday,22
2011-06-04,2011,6,June,2,Saturday,22
2011-06-05,2011,6,June,2,Sunday,22
2011-06-06,2011,6,June,2,Monday,23
2011-06-07,2011,6,June,2,Tuesday,23
2011-06-08,2011,6,June,2,Wednesday,23
2011-06-09,2011,6,June,2,Thursday,23
2011-06-10,2011,6,June,2,Friday,23
2011-06-11,2011,6,June,2,Saturday,23
2011-06-12,2011,6,June,2,Sunday,23
2011-06-13,2011,6,June,2,Monday,24
2011-06-14,2011,6,June,2,Tuesday,24
2011-06-15,2011,6,June,2,Wednesday,24
2011-06-16,2011,6,June,2,Thursday,24
2011-06-17,2011,6,June,2,Friday,24
2011-06-18,2011,6,June,2,Saturday,24
2011-06-19,2011,6,June,2,Sunday,24
2011-06-20,2011,6,June,2,Monday,25
2011-06-21,2011,6,June,2,Tuesday,25
2011-06-22,2011,6,June,2,Wednesday,25
2011-06-23,2011,6,June,2,Thursday,25
2011-06-24,2011,6,June,2,Friday,25
2011-06-25,2011,6,June,2,Saturday,25
2011-06-26,2011,6,June,2,Sunday,25
2011-06-27,2011,6,June,2,Monday,26
2011-06-28,2011,6,June,2,Tuesday,26
2011-06-29,2011,6,June,2,Wednesday,26
2011-06-30,2011,6,June,2,Thursday,26
2011-07-01,2011,7,July,3,Friday,26
2011-07-02,2011,7,July,3,Saturday,26
2011-07-03,2011,7,July,3,Sunday,26
2011-07-04,2011,7,July,3,Monday,27
2011-07-05,2011,7,July,3,Tuesday,27
2011-07-06,2011,7,July,3,Wednesday,27
2011-07-07,2011,7,July,3,Thursday,27
2011-07-08,2011,7,July,3,Friday,27
2011-07-09,2011,7,July,3,Saturday,27
2011-07-10,2011,7,July,3,Sunday,27
2011-07-11,2011,7,July,3,Monday,28
2011-07-12,2011,7,July,3,Tuesday,28
2011-07-13,2011,7,July,3,Wednesday,28
2011-07-14,2011,7,July,3,Thursday,28
2011-07-15,2011,7,July,3,Friday,28
2011-07-16,2011,7,July,3,Saturday,28
2011-07-17,2011,7,July,3,Sunday,28
2011-07-18,2011,7,July,3,Monday,29
2011-07-19,2011,7,July,3,Tuesday,29
2011-07-20,2011,7,July,3,Wednesday,29
2011-07-21,2011,7,July,3,Thursday,29
2011-07-22,2011,7,July,3,Friday,29
2011-07-23,2011,7,July,3,Saturday,29
2011-07-24,2011,7,July,3,Sunday,29
2011-07-25,2011,7,July,3,Monday,30
2011-07-26,2011,7,July,3,Tuesday,30
2011-07-27,2011,7,July,3,Wednesday,30
2011-07-28,2011,7,July,3,Thursday,30
2011-07-29,2011,7,July,3,Friday,30
2011-07-30,2011,7,July,3,Saturday,30
2011-07-31,2011,7,July,3,Sunday,30
2011-08-01,2011,8,August,3,Monday,31
2011-08-02,2011,8,August,3,Tuesday,31
2011-08-03,2011,8,August,3,Wednesday,31
2011-08-04,2011,8,August,3,Thursday,31
2011-08-05,2011,8,August,3,Friday,31
2011-08-06,2011,8,August,3,Saturday,31
2011-08-07,2011,8,August,3,Sunday,31
2011-08-08,2011,8,August,3,Monday,32
2011-08-09,2011,8,August,3,Tuesday,32
2011-08-10,2011,8,August,3,Wednesday,32
2011-08-11,2011,8,August,3,Thursday,32
2011-08-12,2011,8,August,3,Friday,32
2011-08-13,2011,8,August,3,Saturday,32
2011-08-14,2011,8,August,3,Sunday,32
2011-08-15,2011,8,August,3,Monday,33
2011-08-16,2011,8,August,3,Tuesday,33
2011-08-17,2011,8,August,3,Wednesday,33
2011-08-18,2011,8,August,3,Thursday,33
2011-08-19,2011,8,August,3,Friday,33
2011-08-20,2011,8,August,3,Saturday,33
2011-08-21,2011,8,August,3,Sunday,33
2011-08-22,2011,8,August,3,Monday,34
2011-08-23,2011,8,August,3,Tuesday,34
2011-08-24,2011,8,August,3,Wednesday,34
2011-08-25,2011,8,August,3,Thursday,34
2011-08-26,2011,8,August,3,Friday,34
2011-08-27,2011,8,August,3,Saturday,34
2011-08-28,2011,8,August,3,Sunday,34
2011-08-29,2011,8,August,3,Monday,35
2011-08-30,2011,8,August,3,Tuesday,35
2011-08-31,2011,8,August,3,Wednesday,35
2011-09-01,2011,9,September,3,Thursday,35
2011-09-02,2011,9,September,3,Friday,35
2011-09-03,2011,9,September,3,Saturday,35
2011-09-04,2011,9,September,3,Sunday,35
2011-09-05,2011,9,September,3,Monday,36
2011-09-06,2011,9,September,3,Tuesday,36
2011-09-07,2011,9,September,3,Wednesday,36
2011-09-08,2011,9,September,3,Thursday,36
2011-09-09,2011,9,September,3,Friday,36
2011-09-10,2011,9,September,3,Saturday,36
2011-09-11,2011,9,September,3,Sunday,36
2011-09-12,2011,9,September,3,Monday,37
2011-09-13,2011,9,September,3,Tuesday,37
2011-09-14,2011,9,September,3,Wednesday,37
2011-09-15,2011,9,September,3,Thursday,37
2011-09-16,2011,9,September,3,Friday,37
2011-09-17,2011,9,September,3,Saturday,37
2011-09-18,2011,9,September,3,Sunday,37
2011-09-19,2011,9,September,3,Monday,38
2011-09-20,2011,9,September,3,Tuesday,38
2011-09-21,2011,9,September,3,Wednesday,38
2011-09-22,2011,9,September,3,Thursday,38
2011-09-23,2011,9,September,3,Friday,38
2011-09-24,2011,9,September,3,Saturday,38
2011-09-25,2011,9,September,3,Sunday,38
2011-09-26,2011,9,September,3,Monday,39
2011-09-27,2011,9,September,3,Tuesday,39
2011-09-28,2011,9,September,3,Wednesday,39
2011-09-29,2011,9,September,3,Thursday,39
2011-09-30,2011,9,September,3,Friday,39
2011-10-01,2011,10,October,4,Saturday,39
2011-10-02,2011,10,October,4,Sunday,39
2011-10-03,2011,10,October,4,Monday,40
2011-10-04,2011,10,October,4,Tuesday,40
2011-10-05,2011,10,October,4,Wednesday,40
2011-10-06,2011,10,October,4,Thursday,40
2011-10-07,2011,10,October,4,Friday,40
2011-10-08,2011,10,October,4,Saturday,40
2011-10-09,2011,10,October,4,Sunday,40
2011-10-10,2011,10,October,4,Monday,41
2011-10-11,2011,10,October,4,Tuesday,41
2011-10-12,2011,10,October,4,Wednesday,41
2011-10-13,2011,10,October,4,Thursday,41
2011-10-14,2011,10,October,4,Friday,41
2011-10-15,2011,10,October,4,Saturday,41
2011-10-16,2011,10,October,4,Sunday,41
2011-10-17,2011,10,October,4,Monday,42
2011-10-18,2011,10,October,4,Tuesday,42
2011-10-19,2011,10,October,4,Wednesday,42
2011-10-20,2011,10,October,4,Thursday,42
2011-10-21,2011,10,October,4,Friday,42
2011-10-22,2011,10,October,4,Saturday,42
2011-10-23,2011,10,October,4,Sunday,42
2011-10-24,2011,10,October,4,Monday,43
2011-10-25,2011,10,October,4,Tuesday,43
2011-10-26,2011,10,October,4,Wednesday,43
2011-10-27,2011,10,October,4,Thursday,43
2011-10-28,2011,10,October,4,Friday,43
2011-10-29,2011,10,October,4,Saturday,43
2011-10-30,2011,10,October,4,Sunday,43
2011-10-31,2011,10,October,4,Monday,44
2011-11-01,2011,11,November,4,Tuesday,44
2011-11-02,2011,11,November,4,Wednesday,44
2011-11-03,2011,11,November,4,Thursday,44
2011-11-04,2011,11,November,4,Friday,44
2011-11-05,2011,11,November,4,Saturday,44
2011-11-06,2011,11,November,4,Sunday,44
2011-11-07,2011,11,November,4,Monday,45
2011-11-08,2011,11,November,4,Tuesday,45
2011-11-09,2011,11,November,4,Wednesday,45
2011-11-10,2011,11,November,4,Thursday,45
2011-11-11,2011,11,November,4,Friday,45
2011-11-12,2011,11,November,4,Saturday,45
2011-11-13,2011,11,November,4,Sunday,45
2011-11-14,2011,11,November,4,Monday,46
2011-11-15,2011,11,November,4,Tuesday,46
2011-11-16,2011,11,November,4,Wednesday,46
2011-11-17,2011,11,November,4,Thursday,46
2011-11-18,2011,11,November,4,Friday,46
2011-11-19,2011,11,November,4,Saturday,46
2011-11-20,2011,11,November,4,Sunday,46
2011-11-21,2011,11,November,4,Monday,47
2011-11-22,2011,11,November,4,Tuesday,47
2011-11-23,2011,11,November,4,Wednesday,47
2011-11-24,2011,11,November,4,Thursday,47
2011-11-25,2011,11,November,4,Friday,47
2011-11-26,2011,11,November,4,Saturday,47
2011-11-27,2011,11,November,4,Sunday,47
2011-11-28,2011,11,November,4,Monday,48
2011-11-29,2011,11,November,4,Tuesday,48
2011-11-30,2011,11,November,4,Wednesday,48
2011-12-01,2011,12,December,4,Thursday,48
2011-12-02,2011,12,December,4,Friday,48
2011-12-03,2011,12,December,4,Saturday,48
2011-12-04,2011,12,December,4,Sunday,48
2011-12-05,2011,12,December,4,Monday,49
2011-12-06,2011,12,December,4,Tuesday,49
2011-12-07,2011,12,December,4,Wednesday,49
2011-12-08,2011,12,December,4,Thursday,49
2011-12-09,2011,12,December,4,Friday,49
2011-12-10,2011,12,December,4,Saturday,49
2011-12-11,2011,12,December,4,Sunday,49
2011-12-12,2011,12,December,4,Monday,50
2011-12-13,2011,12,December,4,Tuesday,50
2011-12-14,2011,12,December,4,Wednesday,50
2011-12-15,2011,12,December,4,Thursday,50
2011-12-16,2011,12,December,4,Friday,50
2011-12-17,2011,12,December,4,Saturday,50
2011-12-18,2011,12,December,4,Sunday,50
2011-12-19,2011,12,December,4,Monday,51
2011-12-20,2011,12,December,4,Tuesday,51
2011-12-21,2011,12,December,4,Wednesday,51
2011-12-22,2011,12,December,4,Thursday,51
2011-12-23,2011,12,December,4,Friday,51
2011-12-24,2011,12,December,4,Saturday,51
2011-12-25,2011,12,December,4,Sunday,51
2011-12-26,2011,12,December,4,Monday,52
2011-12-27,2011,12,December,4,Tuesday,52
2011-12-28,2011,12,December,4,Wednesday,52
2011-12-29,2011,12,December,4,Thursday,52
2011-12-30,2011,12,December,4,Friday,52
2011-12-31,2011,12,December,4,Saturday,52
2012-01-01,2012,1,January,1,Sunday,52
2012-01-02,2012,1,January,1,Monday,1
2012-01-03,2012,1,January,1,Tuesday,1
2012-01-04,2012,1,January,1,Wednesday,1
2012-01-05,2012,1,January,1,Thursday,1
2012-01-06,2012,1,January,1,Friday,1
2012-01-07,2012,1,January,1,Saturday,1
2012-01-08,2012,1,January,1,Sunday,1
2012-01-09,2012,1,January,1,Monday,2
2012-01-10,2012,1,January,1,Tuesday,2
2012-01-11,2012,1,January,1,Wednesday,2
2012-01-12,2012,1,January,1,Thursday,2
2012-01-13,2012,1,January,1,Friday,2
2012-01-14,2012,1,January,1,Saturday,2
2012-01-15,2012,1,January,1,Sunday,2
2012-01-16,2012,1,January,1,Monday,3
2012-01-17,2012,1,January,1,Tuesday,3
2012-01-18,2012,1,January,1,Wednesday,3
2012-01-19,2012,1,January,1,Thursday,3
2012-01-20,2012,1,January,1,Friday,3
2012-01-21,2012,1,January,1,Saturday,3
2012-01-22,2012,1,January,1,Sunday,3
2012-01-23,2012,1,January,1,Monday,4
2012-01-24,2012,1,January,1,Tuesday,4
2012-01-25,2012,1,January,1,Wednesday,4
2012-01-26,2012,1,January,1,Thursday,4
2012-01-27,2012,1,January,1,Friday,4
2012-01-28,2012,1,January,1,Saturday,4
2012-01-29,2012,1,January,1,Sunday,4
2012-01-30,2012,1,January,1,Monday,5
2012-01-31,2012,1,January,1,Tuesday,5
2012-02-01,2012,2,February,1,Wednesday,5
2012-02-02,2012,2,February,1,Thursday,5
2012-02-03,2012,2,February,1,Friday,5
2012-02-04,2012,2,February,1,Saturday,5
2012-02-05,2012,2,February,1,Sunday,5
2012-02-06,2012,2,February,1,Monday,6
2012-02-07,2012,2,February,1,Tuesday,6
2012-02-08,2012,2,February,1,Wednesday,6
2012-02-09,2012,2,February,1,Thursday,6
2012-02-10,2012,2,February,1,Friday,6
2012-02-11,2012,2,February,1,Saturday,6
2012-02-12,2012,2,February,1,Sunday,6
2012-02-13,2012,2,February,1,Monday,7
2012-02-14,2012,2,February,1,Tuesday,7
2012-02-15,2012,2,February,1,Wednesday,7
2012-02-16,2012,2,February,1,Thursday,7
2012-02-17,2012,2,February,1,Friday,7
2012-02-18,2012,2,February,1,Saturday,7
2012-02-19,2012,2,February,1,Sunday,7
2012-02-20,2012,2,February,1,Monday,8
2012-02-21,2012,2,February,1,Tuesday,8
2012-02-22,2012,2,February,1,Wednesday,8
2012-02-23,2012,2,February,1,Thursday,8
2012-02-24,2012,2,February,1,Friday,8
2012-02-25,2012,2,February,1,Saturday,8
2012-02-26,2012,2,February,1,Sunday,8
2012-02-27,2012,2,February,1,Monday,9
2012-02-28,2012,2,February,1,Tuesday,9
2012-02-29,2012,2,February,1,Wednesday,9
2012-03-01,2012,3,March,1,Thursday,9
2012-03-02,2012,3,March,1,Friday,9
2012-03-03,2012,3,March,1,Saturday,9
2012-03-04,2012,3,March,1,Sunday,9
2012-03-05,2012,3,March,1,Monday,10
2012-03-06,2012,3,March,1,Tuesday,10
2012-03-07,2012,3,March,1,Wednesday,10
2012-03-08,2012,3,March,1,Thursday,10
2012-03-09,2012,3,March,1,Friday,10
2012-03-10,2012,3,March,1,Saturday,10
2012-03-11,2012,3,March,1,Sunday,10
2012-03-12,2012,3,March,1,Monday,11
2012-03-13,2012,3,March,1,Tuesday,11
2012-03-14,2012,3,March,1,Wednesday,11
2012-03-15,2012,3,March,1,Thursday,11
2012-03-16,2012,3,March,1,Friday,11
2012-03-17,2012,3,March,1,Saturday,11
2012-03-18,2012,3,March,1,Sunday,11
2012-03-19,2012,3,March,1,Monday,12
2012-03-20,2012,3,March,1,Tuesday,12
2012-03-21,2012,3,March,1,Wednesday,12
2012-03-22,2012,3,March,1,Thursday,12
2012-03-23,2012,3,March,1,Friday,12
2012-03-24,2012,3,March,1,Saturday,12
2012-03-25,2012,3,March,1,Sunday,12
2012-03-26,2012,3,March,1,Monday,13
2012-03-27,2012,3,March,1,Tuesday,13
2012-03-28,2012,3,March,1,Wednesday,13
2012-03-29,2012,3,March,1,Thursday,13
2012-03-30,2012,3,March,1,Friday,13
2012-03-31,2012,3,March,1,Saturday,13
2012-04-01,2012,4,April,2,Sunday,13
2012-04-02,2012,4,April,2,Monday,14
2012-04-03,2012,4,April,2,Tuesday,14
2012-04-04,2012,4,April,2,Wednesday,14
2012-04-05,2012,4,April,2,Thursday,14
2012-04-06,2012,4,April,2,Friday,14
2012-04-07,2012,4,April,2,Saturday,14
2012-04-08,2012,4,April,2,Sunday,14
2012-04-09,2012,4,April,2,Monday,15
2012-04-10,2012,4,April,2,Tuesday,15
2012-04-11,2012,4,April,2,Wednesday,15
2012-04-12,2012,4,April,2,Thursday,15
2012-04-13,2012,4,April,2,Friday,15
2012-04-14,2012,4,April,2,Saturday,15
2012-04-15,2012,4,April,2,Sunday,15
2012-04-16,2012,4,April,2,Monday,16
2012-04-17,2012,4,April,2,Tuesday,16
2012-04-18,2012,4,April,2,Wednesday,16
2012-04-19,2012,4,April,2,Thursday,16
2012-04-20,2012,4,April,2,Friday,16
2012-04-21,2012,4,April,2,Saturday,16
2012-04-22,2012,4,April,2,Sunday,16
2012-04-23,2012,4,April,2,Monday,17
2012-04-24,2012,4,April,2,Tuesday,17
2012-04-25,2012,4,April,2,Wednesday,17
2012-04-26,2012,4,April,2,Thursday,17
2012-04-27,2012,4,April,2,Friday,17
2012-04-28,2012,4,April,2,Saturday,17
2012-04-29,2012,4,April,2,Sunday,17
2012-04-30,2012,4,April,2,Monday,18
2012-05-01,2012,5,May,2,Tuesday,18
2012-05-02,2012,5,May,2,Wednesday,18
2012-05-03,2012,5,May,2,Thursday,18
2012-05-04,2012,5,May,2,Friday,18
2012-05-05,2012,5,May,2,Saturday,18
2012-05-06,2012,5,May,2,Sunday,18
2012-05-07,2012,5,May,2,Monday,19
2012-05-08,2012,5,May,2,Tuesday,19
2012-05-09,2012,5,May,2,Wednesday,19
2012-05-10,2012,5,May,2,Thursday,19
2012-05-11,2012,5,May,2,Friday,19
2012-05-12,2012,5,May,2,Saturday,19
2012-05-13,2012,5,May,2,Sunday,19
2012-05-14,2012,5,May,2,Monday,20
2012-05-15,2012,5,May,2,Tuesday,20
2012-05-16,2012,5,May,2,Wednesday,20
2012-05-17,2012,5,May,2,Thursday,20
2012-05-18,2012,5,May,2,Friday,20
2012-05-19,2012,5,May,2,Saturday,20
2012-05-20,2012,5,May,2,Sunday,20
2012-05-21,2012,5,May,2,Monday,21
2012-05-22,2012,5,May,2,Tuesday,21
2012-05-23,2012,5,May,2,Wednesday,21
2012-05-24,2012,5,May,2,Thursday,21
2012-05-25,2012,5,May,2,Friday,21
2012-05-26,2012,5,May,2,Saturday,21
2012-05-27,2012,5,May,2,Sunday,21
2012-05-28,2012,5,May,2,Monday,22
2012-05-29,2012,5,May,2,Tuesday,22
2012-05-30,2012,5,May,2,Wednesday,22
2012-05-31,2012,5,May,2,Thursday,22
2012-06-01,2012,6,June,2,Friday,22
2012-06-02,2012,6,June,2,Saturday,22
2012-06-03,2012,6,June,2,Sunday,22
2012-06-04,2012,6,June,2,Monday,23
2012-06-05,2012,6,June,2,Tuesday,23
2012-06-06,2012,6,June,2,Wednesday,23
2012-06-07,2012,6,June,2,Thursday,23
2012-06-08,2012,6,June,2,Friday,23
2012-06-09,2012,6,June,2,Saturday,23
2012-06-10,2012,6,June,2,Sunday,23
2012-06-11,2012,6,June,2,Monday,24
2012-06-12,2012,6,June,2,Tuesday,24
2012-06-13,2012,6,June,2,Wednesday,24
2012-06-14,2012,6,June,2,Thursday,24
2012-06-15,2012,6,June,2,Friday,24
2012-06-16,2012,6,June,2,Saturday,24
2012-06-17,2012,6,June,2,Sunday,24
2012-06-18,2012,6,June,2,Monday,25
2012-06-19,2012,6,June,2,Tuesday,25
2012-06-20,2012,6,June,2,Wednesday,25
2012-06-21,2012,6,June,2,Thursday,25
2012-06-22,2012,6,June,2,Friday,25
2012-06-23,2012,6,June,2,Saturday,25
2012-06-24,2012,6,June,2,Sunday,25
2012-06-25,2012,6,June,2,Monday,26
2012-06-26,2012,6,June,2,Tuesday,26
2012-06-27,2012,6,June,2,Wednesday,26
2012-06-28,2012,6,June,2,Thursday,26
2012-06-29,2012,6,June,2,Friday,26
2012-06-30,2012,6,June,2,Saturday,26
2012-07-01,2012,7,July,3,Sunday,26
2012-07-02,2012,7,July,3,Monday,27
2012-07-03,2012,7,July,3,Tuesday,27
2012-07-04,2012,7,July,3,Wednesday,27
2012-07-05,2012,7,July,3,Thursday,27
2012-07-06,2012,7,July,3,Friday,27
2012-07-07,2012,7,July,3,Saturday,27
2012-07-08,2012,7,July,3,Sunday,27
2012-07-09,2012,7,July,3,Monday,28
2012-07-10,2012,7,July,3,Tuesday,28
2012-07-11,2012,7,July,3,Wednesday,28
2012-07-12,2012,7,July,3,Thursday,28
2012-07-13,2012,7,July,3,Friday,28
2012-07-14,2012,7,July,3,Saturday,28
2012-07-15,2012,7,July,3,Sunday,28
2012-07-16,2012,7,July,3,Monday,29
2012-07-17,2012,7,July,3,Tuesday,29
2012-07-18,2012,7,July,3,Wednesday,29
2012-07-19,2012,7,July,3,Thursday,29
2012-07-20,2012,7,July,3,Friday,29
2012-07-21,2012,7,July,3,Saturday,29
2012-07-22,2012,7,July,3,Sunday,29
2012-07-23,2012,7,July,3,Monday,30
2012-07-24,2012,7,July,3,Tuesday,30
2012-07-25,2012,7,July,3,Wednesday,30
2012-07-26,2012,7,July,3,Thursday,30
2012-07-27,2012,7,July,3,Friday,30
2012-07-28,2012,7,July,3,Saturday,30
2012-07-29,2012,7,July,3,Sunday,30
2012-07-30,2012,7,July,3,Monday,31
2012-07-31,2012,7,July,3,Tuesday,31
2012-08-01,2012,8,August,3,Wednesday,31
2012-08-02,2012,8,August,3,Thursday,31
2012-08-03,2012,8,August,3,Friday,31
2012-08-04,2012,8,August,3,Saturday,31
2012-08-05,2012,8,August,3,Sunday,31
2012-08-06,2012,8,August,3,Monday,32
2012-08-07,2012,8,August,3,Tuesday,32
2012-08-08,2012,8,August,3,Wednesday,32
2012-08-09,2012,8,August,3,Thursday,32
2012-08-10,2012,8,August,3,Friday,32
2012-08-11,2012,8,August,3,Saturday,32
2012-08-12,2012,8,August,3,Sunday,32
2012-08-13,2012,8,August,3,Monday,33
2012-08-14,2012,8,August,3,Tuesday,33
2012-08-15,2012,8,August,3,Wednesday,33
2012-08-16,2012,8,August,3,Thursday,33
2012-08-17,2012,8,August,3,Friday,33
2012-08-18,2012,8,August,3,Saturday,33
2012-08-19,2012,8,August,3,Sunday,33
2012-08-20,2012,8,August,3,Monday,34
2012-08-21,2012,8,August,3,Tuesday,34
2012-08-22,2012,8,August,3,Wednesday,34
2012-08-23,2012,8,August,3,Thursday,34
2012-08-24,2012,8,August,3,Friday,34
2012-08-25,2012,8,August,3,Saturday,34
2012-08-26,2012,8,August,3,Sunday,34
2012-08-27,2012,8,August,3,Monday,35
2012-08-28,2012,8,August,3,Tuesday,35
2012-08-29,2012,8,August,3,Wednesday,35
2012-08-30,2012,8,August,3,Thursday,35
2012-08-31,2012,8,August,3,Friday,35
2012-09-01,2012,9,September,3,Saturday,35
2012-09-02,2012,9,September,3,Sunday,35
2012-09-03,2012,9,September,3,Monday,36
2012-09-04,2012,9,September,3,Tuesday,36
2012-09-05,2012,9,September,3,Wednesday,36
2012-09-06,2012,9,September,3,Thursday,36
2012-09-07,2012,9,September,3,Friday,36
2012-09-08,2012,9,September,3,Saturday,36
2012-09-09,2012,9,September,3,Sunday,36
2012-09-10,2012,9,September,3,Monday,37
2012-09-11,2012,9,September,3,Tuesday,37
2012-09-12,2012,9,September,3,Wednesday,37
2012-09-13,2012,9,September,3,Thursday,37
2012-09-14,2012,9,September,3,Friday,37
2012-09-15,2012,9,September,3,Saturday,37
2012-09-16,2012,9,September,3,Sunday,37
2012-09-17,2012,9,September,3,Monday,38
2012-09-18,2012,9,September,3,Tuesday,38
2012-09-19,2012,9,September,3,Wednesday,38
2012-09-20,2012,9,September,3,Thursday,38
2012-09-21,2012,9,September,3,Friday,38
2012-09-22,2012,9,September,3,Saturday,38
2012-09-23,2012,9,September,3,Sunday,38
2012-09-24,2012,9,September,3,Monday,39
2012-09-25,2012,9,September,3,Tuesday,39
2012-09-26,2012,9,September,3,Wednesday,39
2012-09-27,2012,9,September,3,Thursday,39
2012-09-28,2012,9,September,3,Friday,39
2012-09-29,2012,9,September,3,Saturday,39
2012-09-30,2012,9,September,3,Sunday,39
2012-10-01,2012,10,October,4,Monday,40
2012-10-02,2012,10,October,4,Tuesday,40
2012-10-03,2012,10,October,4,Wednesday,40
2012-10-04,2012,10,October,4,Thursday,40
2012-10-05,2012,10,October,4,Friday,40
2012-10-06,2012,10,October,4,Saturday,40
2012-10-07,2012,10,October,4,Sunday,40
2012-10-08,2012,10,October,4,Monday,41
2012-10-09,2012,10,October,4,Tuesday,41
2012-10-10,2012,10,October,4,Wednesday,41
2012-10-11,2012,10,October,4,Thursday,41
2012-10-12,2012,10,October,4,Friday,41
2012-10-13,2012,10,October,4,Saturday,41
2012-10-14,2012,10,October,4,Sunday,41
2012-10-15,2012,10,October,4,Monday,42
2012-10-16,2012,10,October,4,Tuesday,42
2012-10-17,2012,10,October,4,Wednesday,42
2012-10-18,2012,10,October,4,Thursday,42
2012-10-19,2012,10,October,4,Friday,42
2012-10-20,2012,10,October,4,Saturday,42
2012-10-21,2012,10,October,4,Sunday,42
2012-10-22,2012,10,October,4,Monday,43
2012-10-23,2012,10,October,4,Tuesday,43
2012-10-24,2012,10,October,4,Wednesday,43
2012-10-25,2012,10,October,4,Thursday,43
2012-10-26,2012,10,October,4,Friday,43
2012-10-27,2012,10,October,4,Saturday,43
2012-10-28,2012,10,October,4,Sunday,43
2012-10-29,2012,10,October,4,Monday,44
2012-10-30,2012,10,October,4,Tuesday,44
2012-10-31,2012,10,October,4,Wednesday,44
2012-11-01,2012,11,November,4,Thursday,44
2012-11-02,2012,11,November,4,Friday,44
2012-11-03,2012,11,November,4,Saturday,44
2012-11-04,2012,11,November,4,Sunday,44
2012-11-05,2012,11,November,4,Monday,45
2012-11-06,2012,11,November,4,Tuesday,45
2012-11-07,2012,11,November,4,Wednesday,45
2012-11-08,2012,11,November,4,Thursday,45
2012-11-09,2012,11,November,4,Friday,45
2012-11-10,2012,11,November,4,Saturday,45
2012-11-11,2012,11,November,4,Sunday,45
2012-11-12,2012,11,November,4,Monday,46
2012-11-13,2012,11,November,4,Tuesday,46
2012-11-14,2012,11,November,4,Wednesday,46
2012-11-15,2012,11,November,4,Thursday,46
2012-11-16,2012,11,November,4,Friday,46
2012-11-17,2012,11,November,4,Saturday,46
2012-11-18,2012,11,November,4,Sunday,46
2012-11-19,2012,11,November,4,Monday,47
2012-11-20,2012,11,November,4,Tuesday,47
2012-11-21,2012,11,November,4,Wednesday,47
2012-11-22,2012,11,November,4,Thursday,47
2012-11-23,2012,11,November,4,Friday,47
2012-11-24,2012,11,November,4,Saturday,47
2012-11-25,2012,11,November,4,Sunday,47
2012-11-26,2012,11,November,4,Monday,48
2012-11-27,2012,11,November,4,Tuesday,48
2012-11-28,2012,11,November,4,Wednesday,48
2012-11-29,2012,11,November,4,Thursday,48
2012-11-30,2012,11,November,4,Friday,48
2012-12-01,2012,12,December,4,Saturday,48
2012-12-02,2012,12,December,4,Sunday,48
2012-12-03,2012,12,December,4,Monday,49
2012-12-04,2012,12,December,4,Tuesday,49
2012-12-05,2012,12,December,4,Wednesday,49
2012-12-06,2012,12,December,4,Thursday,49
2012-12-07,2012,12,December,4,Friday,49
2012-12-08,2012,12,December,4,Saturday,49
2012-12-09,2012,12,December,4,Sunday,49
2012-12-10,2012,12,December,4,Monday,50
2012-12-11,2012,12,December,4,Tuesday,50
2012-12-12,2012,12,December,4,Wednesday,50
2012-12-13,2012,12,December,4,Thursday,50
2012-12-14,2012,12,December,4,Friday,50
2012-12-15,2012,12,December,4,Saturday,50
2012-12-16,2012,12,December,4,Sunday,50
2012-12-17,2012,12,December,4,Monday,51
2012-12-18,2012,12,December,4,Tuesday,51
2012-12-19,2012,12,December,4,Wednesday,51
2012-12-20,2012,12,December,4,Thursday,51
2012-12-21,2012,12,December,4,Friday,51
2012-12-22,2012,12,December,4,Saturday,51
2012-12-23,2012,12,December,4,Sunday,51
2012-12-24,2012,12,December,4,Monday,52
2012-12-25,2012,12,December,4,Tuesday,52
2012-12-26,2012,12,December,4,Wednesday,52
2012-12-27,2012,12,December,4,Thursday,52
2012-12-28,2012,12,December,4,Friday,52
2012-12-29,2012,12,December,4,Saturday,52
2012-12-30,2012,12,December,4,Sunday,52
2012-12-31,2012,12,December,4,Monday,1
2013-01-01,2013,1,January,1,Tuesday,1
2013-01-02,2013,1,January,1,Wednesday,1
2013-01-03,2013,1,January,1,Thursday,1
2013-01-04,2013,1,January,1,Friday,1
2013-01-05,2013,1,January,1,Saturday,1
2013-01-06,2013,1,January,1,Sunday,1
2013-01-07,2013,1,January,1,Monday,2
2013-01-08,2013,1,January,1,Tuesday,2
2013-01-09,2013,1,January,1,Wednesday,2
2013-01-10,2013,1,January,1,Thursday,2
2013-01-11,2013,1,January,1,Friday,2
2013-01-12,2013,1,January,1,Saturday,2
2013-01-13,2013,1,January,1,Sunday,2
2013-01-14,2013,1,January,1,Monday,3
2013-01-15,2013,1,January,1,Tuesday,3
2013-01-16,2013,1,January,1,Wednesday,3
2013-01-17,2013,1,January,1,Thursday,3
2013-01-18,2013,1,January,1,Friday,3
2013-01-19,2013,1,January,1,Saturday,3
2013-01-20,2013,1,January,1,Sunday,3
2013-01-21,2013,1,January,1,Monday,4
2013-01-22,2013,1,January,1,Tuesday,4
2013-01-23,2013,1,January,1,Wednesday,4
2013-01-24,2013,1,January,1,Thursday,4
2013-01-25,2013,1,January,1,Friday,4
2013-01-26,2013,1,January,1,Saturday,4
2013-01-27,2013,1,January,1,Sunday,4
2013-01-28,2013,1,January,1,Monday,5
2013-01-29,2013,1,January,1,Tuesday,5
2013-01-30,2013,1,January,1,Wednesday,5
2013-01-31,2013,1,January,1,Thursday,5
2013-02-01,2013,2,February,1,Friday,5
2013-02-02,2013,2,February,1,Saturday,5
2013-02-03,2013,2,February,1,Sunday,5
2013-02-04,2013,2,February,1,Monday,6
2013-02-05,2013,2,February,1,Tuesday,6
2013-02-06,2013,2,February,1,Wednesday,6
2013-02-07,2013,2,February,1,Thursday,6
2013-02-08,2013,2,February,1,Friday,6
2013-02-09,2013,2,February,1,Saturday,6
2013-02-10,2013,2,February,1,Sunday,6
2013-02-11,2013,2,February,1,Monday,7
2013-02-12,2013,2,February,1,Tuesday,7
2013-02-13,2013,2,February,1,Wednesday,7
2013-02-14,2013,2,February,1,Thursday,7
2013-02-15,2013,2,February,1,Friday,7
2013-02-16,2013,2,February,1,Saturday,7
2013-02-17,2013,2,February,1,Sunday,7
2013-02-18,2013,2,February,1,Monday,8
2013-02-19,2013,2,February,1,Tuesday,8
2013-02-20,2013,2,February,1,Wednesday,8
2013-02-21,2013,2,February,1,Thursday,8
2013-02-22,2013,2,February,1,Friday,8
2013-02-23,2013,2,February,1,Saturday,8
2013-02-24,2013,2,February,1,Sunday,8
2013-02-25,2013,2,February,1,Monday,9
2013-02-26,2013,2,February,1,Tuesday,9
2013-02-27,2013,2,February,1,Wednesday,9
2013-02-28,2013,2,February,1,Thursday,9
2013-03-01,2013,3,March,1,Friday,9
2013-03-02,2013,3,March,1,Saturday,9
2013-03-03,2013,3,March,1,Sunday,9
2013-03-04,2013,3,March,1,Monday,10
2013-03-05,2013,3,March,1,Tuesday,10
2013-03-06,2013,3,March,1,Wednesday,10
2013-03-07,2013,3,March,1,Thursday,10
2013-03-08,2013,3,March,1,Friday,10
2013-03-09,2013,3,March,1,Saturday,10
2013-03-10,2013,3,March,1,Sunday,10
2013-03-11,2013,3,March,1,Monday,11
2013-03-12,2013,3,March,1,Tuesday,11
2013-03-13,2013,3,March,1,Wednesday,11
2013-03-14,2013,3,March,1,Thursday,11
2013-03-15,2013,3,March,1,Friday,11
2013-03-16,2013,3,March,1,Saturday,11
2013-03-17,2013,3,March,1,Sunday,11
2013-03-18,2013,3,March,1,Monday,12
2013-03-19,2013,3,March,1,Tuesday,12
2013-03-20,2013,3,March,1,Wednesday,12
2013-03-21,2013,3,March,1,Thursday,12
2013-03-22,2013,3,March,1,Friday,12
2013-03-23,2013,3,March,1,Saturday,12
2013-03-24,2013,3,March,1,Sunday,12
2013-03-25,2013,3,March,1,Monday,13
2013-03-26,2013,3,March,1,Tuesday,13
2013-03-27,2013,3,March,1,Wednesday,13
2013-03-28,2013,3,March,1,Thursday,13
2013-03-29,2013,3,March,1,Friday,13
2013-03-30,2013,3,March,1,Saturday,13
2013-03-31,2013,3,March,1,Sunday,13
2013-04-01,2013,4,April,2,Monday,14
2013-04-02,2013,4,April,2,Tuesday,14
2013-04-03,2013,4,April,2,Wednesday,14
2013-04-04,2013,4,April,2,Thursday,14
2013-04-05,2013,4,April,2,Friday,14
2013-04-06,2013,4,April,2,Saturday,14
2013-04-07,2013,4,April,2,Sunday,14
2013-04-08,2013,4,April,2,Monday,15
2013-04-09,2013,4,April,2,Tuesday,15
2013-04-10,2013,4,April,2,Wednesday,15
2013-04-11,2013,4,April,2,Thursday,15
2013-04-12,2013,4,April,2,Friday,15
2013-04-13,2013,4,April,2,Saturday,15
2013-04-14,2013,4,April,2,Sunday,15
2013-04-15,2013,4,April,2,Monday,16
2013-04-16,2013,4,April,2,Tuesday,16
2013-04-17,2013,4,April,2,Wednesday,16
2013-04-18,2013,4,April,2,Thursday,16
2013-04-19,2013,4,April,2,Friday,16
2013-04-20,2013,4,April,2,Saturday,16
2013-04-21,2013,4,April,2,Sunday,16
2013-04-22,2013,4,April,2,Monday,17
2013-04-23,2013,4,April,2,Tuesday,17
2013-04-24,2013,4,April,2,Wednesday,17
2013-04-25,2013,4,April,2,Thursday,17
2013-04-26,2013,4,April,2,Friday,17
2013-04-27,2013,4,April,2,Saturday,17
2013-04-28,2013,4,April,2,Sunday,17
2013-04-29,2013,4,April,2,Monday,18
2013-04-30,2013,4,April,2,Tuesday,18
2013-05-01,2013,5,May,2,Wednesday,18
2013-05-02,2013,5,May,2,Thursday,18
2013-05-03,2013,5,May,2,Friday,18
2013-05-04,2013,5,May,2,Saturday,18
2013-05-05,2013,5,May,2,Sunday,18
2013-05-06,2013,5,May,2,Monday,19
2013-05-07,2013,5,May,2,Tuesday,19
2013-05-08,2013,5,May,2,Wednesday,19
2013-05-09,2013,5,May,2,Thursday,19
2013-05-10,2013,5,May,2,Friday,19
2013-05-11,2013,5,May,2,Saturday,19
2013-05-12,2013,5,May,2,Sunday,19
2013-05-13,2013,5,May,2,Monday,20
2013-05-14,2013,5,May,2,Tuesday,20
2013-05-15,2013,5,May,2,Wednesday,20
2013-05-16,2013,5,May,2,Thursday,20
2013-05-17,2013,5,May,2,Friday,20
2013-05-18,2013,5,May,2,Saturday,20
2013-05-19,2013,5,May,2,Sunday,20
2013-05-20,2013,5,May,2,Monday,21
2013-05-21,2013,5,May,2,Tuesday,21
2013-05-22,2013,5,May,2,Wednesday,21
2013-05-23,2013,5,May,2,Thursday,21
2013-05-24,2013,5,May,2,Friday,21
2013-05-25,2013,5,May,2,Saturday,21
2013-05-26,2013,5,May,2,Sunday,21
2013-05-27,2013,5,May,2,Monday,22
2013-05-28,2013,5,May,2,Tuesday,22
2013-05-29,2013,5,May,2,Wednesday,22
2013-05-30,2013,5,May,2,Thursday,22
2013-05-31,2013,5,May,2,Friday,22
2013-06-01,2013,6,June,2,Saturday,22
2013-06-02,2013,6,June,2,Sunday,22
2013-06-03,2013,6,June,2,Monday,23
2013-06-04,2013,6,June,2,Tuesday,23
2013-06-05,2013,6,June,2,Wednesday,23
2013-06-06,2013,6,June,2,Thursday,23
2013-06-07,2013,6,June,2,Friday,23
2013-06-08,2013,6,June,2,Saturday,23
2013-06-09,2013,6,June,2,Sunday,23
2013-06-10,2013,6,June,2,Monday,24
2013-06-11,2013,6,June,2,Tuesday,24
2013-06-12,2013,6,June,2,Wednesday,24
2013-06-13,2013,6,June,2,Thursday,24
2013-06-14,2013,6,June,2,Friday,24
2013-06-15,2013,6,June,2,Saturday,24
2013-06-16,2013,6,June,2,Sunday,24
2013-06-17,2013,6,June,2,Monday,25
2013-06-18,2013,6,June,2,Tuesday,25
2013-06-19,2013,6,June,2,Wednesday,25
2013-06-20,2013,6,June,2,Thursday,25
2013-06-21,2013,6,June,2,Friday,25
2013-06-22,2013,6,June,2,Saturday,25
2013-06-23,2013,6,June,2,Sunday,25
2013-06-24,2013,6,June,2,Monday,26
2013-06-25,2013,6,June,2,Tuesday,26
2013-06-26,2013,6,June,2,Wednesday,26
2013-06-27,2013,6,June,2,Thursday,26
2013-06-28,2013,6,June,2,Friday,26
2013-06-29,2013,6,June,2,Saturday,26
2013-06-30,2013,6,June,2,Sunday,26
2013-07-01,2013,7,July,3,Monday,27
2013-07-02,2013,7,July,3,Tuesday,27
2013-07-03,2013,7,July,3,Wednesday,27
2013-07-04,2013,7,July,3,Thursday,27
2013-07-05,2013,7,July,3,Friday,27
2013-07-06,2013,7,July,3,Saturday,27
2013-07-07,2013,7,July,3,Sunday,27
2013-07-08,2013,7,July,3,Monday,28
2013-07-09,2013,7,July,3,Tuesday,28
2013-07-10,2013,7,July,3,Wednesday,28
2013-07-11,2013,7,July,3,Thursday,28
2013-07-12,2013,7,July,3,Friday,28
2013-07-13,2013,7,July,3,Saturday,28
2013-07-14,2013,7,July,3,Sunday,28
2013-07-15,2013,7,July,3,Monday,29
2013-07-16,2013,7,July,3,Tuesday,29
2013-07-17,2013,7,July,3,Wednesday,29
2013-07-18,2013,7,July,3,Thursday,29
2013-07-19,2013,7,July,3,Friday,29
2013-07-20,2013,7,July,3,Saturday,29
2013-07-21,2013,7,July,3,Sunday,29
2013-07-22,2013,7,July,3,Monday,30
2013-07-23,2013,7,July,3,Tuesday,30
2013-07-24,2013,7,July,3,Wednesday,30
2013-07-25,2013,7,July,3,Thursday,30
2013-07-26,2013,7,July,3,Friday,30
2013-07-27,2013,7,July,3,Saturday,30
2013-07-28,2013,7,July,3,Sunday,30
2013-07-29,2013,7,July,3,Monday,31
2013-07-30,2013,7,July,3,Tuesday,31
2013-07-31,2013,7,July,3,Wednesday,31
2013-08-01,2013,8,August,3,Thursday,31
2013-08-02,2013,8,August,3,Friday,31
2013-08-03,2013,8,August,3,Saturday,31
2013-08-04,2013,8,August,3,Sunday,31
2013-08-05,2013,8,August,3,Monday,32
2013-08-06,2013,8,August,3,Tuesday,32
2013-08-07,2013,8,August,3,Wednesday,32
2013-08-08,2013,8,August,3,Thursday,32
2013-08-09,2013,8,August,3,Friday,32
2013-08-10,2013,8,August,3,Saturday,32
2013-08-11,2013,8,August,3,Sunday,32
2013-08-12,2013,8,August,3,Monday,33
2013-08-13,2013,8,August,3,Tuesday,33
2013-08-14,2013,8,August,3,Wednesday,33
2013-08-15,2013,8,August,3,Thursday,33
2013-08-16,2013,8,August,3,Friday,33
2013-08-17,2013,8,August,3,Saturday,33
2013-08-18,2013,8,August,3,Sunday,33
2013-08-19,2013,8,August,3,Monday,34
2013-08-20,2013,8,August,3,Tuesday,34
2013-08-21,2013,8,August,3,Wednesday,34
2013-08-22,2013,8,August,3,Thursday,34
2013-08-23,2013,8,August,3,Friday,34
2013-08-24,2013,8,August,3,Saturday,34
2013-08-25,2013,8,August,3,Sunday,34
2013-08-26,2013,8,August,3,Monday,35
2013-08-27,2013,8,August,3,Tuesday,35
2013-08-28,2013,8,August,3,Wednesday,35
2013-08-29,2013,8,August,3,Thursday,35
2013-08-30,2013,8,August,3,Friday,35
2013-08-31,2013,8,August,3,Saturday,35
2013-09-01,2013,9,September,3,Sunday,35
2013-09-02,2013,9,September,3,Monday,36
2013-09-03,2013,9,September,3,Tuesday,36
2013-09-04,2013,9,September,3,Wednesday,36
2013-09-05,2013,9,September,3,Thursday,36
2013-09-06,2013,9,September,3,Friday,36
2013-09-07,2013,9,September,3,Saturday,36
2013-09-08,2013,9,September,3,Sunday,36
2013-09-09,2013,9,September,3,Monday,37
2013-09-10,2013,9,September,3,Tuesday,37
2013-09-11,2013,9,September,3,Wednesday,37
2013-09-12,2013,9,September,3,Thursday,37
2013-09-13,2013,9,September,3,Friday,37
2013-09-14,2013,9,September,3,Saturday,37
2013-09-15,2013,9,September,3,Sunday,37
2013-09-16,2013,9,September,3,Monday,38
2013-09-17,2013,9,September,3,Tuesday,38
2013-09-18,2013,9,September,3,Wednesday,38
2013-09-19,2013,9,September,3,Thursday,38
2013-09-20,2013,9,September,3,Friday,38
2013-09-21,2013,9,September,3,Saturday,38
2013-09-22,2013,9,September,3,Sunday,38
2013-09-23,2013,9,September,3,Monday,39
2013-09-24,2013,9,September,3,Tuesday,39
2013-09-25,2013,9,September,3,Wednesday,39
2013-09-26,2013,9,September,3,Thursday,39
2013-09-27,2013,9,September,3,Friday,39
2013-09-28,2013,9,September,3,Saturday,39
2013-09-29,2013,9,September,3,Sunday,39
2013-09-30,2013,9,September,3,Monday,40
2013-10-01,2013,10,October,4,Tuesday,40
2013-10-02,2013,10,October,4,Wednesday,40
2013-10-03,2013,10,October,4,Thursday,40
2013-10-04,2013,10,October,4,Friday,40
2013-10-05,2013,10,October,4,Saturday,40
2013-10-06,2013,10,October,4,Sunday,40
2013-10-07,2013,10,October,4,Monday,41
2013-10-08,2013,10,October,4,Tuesday,41
2013-10-09,2013,10,October,4,Wednesday,41
2013-10-10,2013,10,October,4,Thursday,41
2013-10-11,2013,10,October,4,Friday,41
2013-10-12,2013,10,October,4,Saturday,41
2013-10-13,2013,10,October,4,Sunday,41
2013-10-14,2013,10,October,4,Monday,42
2013-10-15,2013,10,October,4,Tuesday,42
2013-10-16,2013,10,October,4,Wednesday,42
2013-10-17,2013,10,October,4,Thursday,42
2013-10-18,2013,10,October,4,Friday,42
2013-10-19,2013,10,October,4,Saturday,42
2013-10-20,2013,10,October,4,Sunday,42
2013-10-21,2013,10,October,4,Monday,43
2013-10-22,2013,10,October,4,Tuesday,43
2013-10-23,2013,10,October,4,Wednesday,43
2013-10-24,2013,10,October,4,Thursday,43
2013-10-25,2013,10,October,4,Friday,43
2013-10-26,2013,10,October,4,Saturday,43
2013-10-27,2013,10,October,4,Sunday,43
2013-10-28,2013,10,October,4,Monday,44
2013-10-29,2013,10,October,4,Tuesday,44
2013-10-30,2013,10,October,4,Wednesday,44
2013-10-31,2013,10,October,4,Thursday,44
2013-11-01,2013,11,November,4,Friday,44
2013-11-02,2013,11,November,4,Saturday,44
2013-11-03,2013,11,November,4,Sunday,44
2013-11-04,2013,11,November,4,Monday,45
2013-11-05,2013,11,November,4,Tuesday,45
2013-11-06,2013,11,November,4,Wednesday,45
2013-11-07,2013,11,November,4,Thursday,45
2013-11-08,2013,11,November,4,Friday,45
2013-11-09,2013,11,November,4,Saturday,45
2013-11-10,2013,11,November,4,Sunday,45
2013-11-11,2013,11,November,4,Monday,46
2013-11-12,2013,11,November,4,Tuesday,46
2013-11-13,2013,11,November,4,Wednesday,46
2013-11-14,2013,11,November,4,Thursday,46
2013-11-15,2013,11,November,4,Friday,46
2013-11-16,2013,11,November,4,Saturday,46
2013-11-17,2013,11,November,4,Sunday,46
2013-11-18,2013,11,November,4,Monday,47
2013-11-19,2013,11,November,4,Tuesday,47
2013-11-20,2013,11,November,4,Wednesday,47
2013-11-21,2013,11,November,4,Thursday,47
2013-11-22,2013,11,November,4,Friday,47
2013-11-23,2013,11,November,4,Saturday,47
2013-11-24,2013,11,November,4,Sunday,47
2013-11-25,2013,11,November,4,Monday,48
2013-11-26,2013,11,November,4,Tuesday,48
2013-11-27,2013,11,November,4,Wednesday,48
2013-11-28,2013,11,November,4,Thursday,48
2013-11-29,2013,11,November,4,Friday,48
2013-11-30,2013,11,November,4,Saturday,48
2013-12-01,2013,12,December,4,Sunday,48
2013-12-02,2013,12,December,4,Monday,49
2013-12-03,2013,12,December,4,Tuesday,49
2013-12-04,2013,12,December,4,Wednesday,49
2013-12-05,2013,12,December,4,Thursday,49
2013-12-06,2013,12,December,4,Friday,49
2013-12-07,2013,12,December,4,Saturday,49
2013-12-08,2013,12,December,4,Sunday,49
2013-12-09,2013,12,December,4,Monday,50
2013-12-10,2013,12,December,4,Tuesday,50
2013-12-11,2013,12,December,4,Wednesday,50
2013-12-12,2013,12,December,4,Thursday,50
2013-12-13,2013,12,December,4,Friday,50
2013-12-14,2013,12,December,4,Saturday,50
2013-12-15,2013,12,December,4,Sunday,50
2013-12-16,2013,12,December,4,Monday,51
2013-12-17,2013,12,December,4,Tuesday,51
2013-12-18,2013,12,December,4,Wednesday,51
2013-12-19,2013,12,December,4,Thursday,51
2013-12-20,2013,12,December,4,Friday,51
2013-12-21,2013,12,December,4,Saturday,51
2013-12-22,2013,12,December,4,Sunday,51
2013-12-23,2013,12,December,4,Monday,52
2013-12-24,2013,12,December,4,Tuesday,52
2013-12-25,2013,12,December,4,Wednesday,52
2013-12-26,2013,12,December,4,Thursday,52
2013-12-27,2013,12,December,4,Friday,52
2013-12-28,2013,12,December,4,Saturday,52
2013-12-29,2013,12,December,4,Sunday,52
2013-12-30,2013,12,December,4,Monday,1
2013-12-31,2013,12,December,4,Tuesday,1
2014-01-01,2014,1,January,1,Wednesday,1
2014-01-02,2014,1,January,1,Thursday,1
2014-01-03,2014,1,January,1,Friday,1
2014-01-04,2014,1,January,1,Saturday,1
2014-01-05,2014,1,January,1,Sunday,1
2014-01-06,2014,1,January,1,Monday,2
2014-01-07,2014,1,January,1,Tuesday,2
2014-01-08,2014,1,January,1,Wednesday,2
2014-01-09,2014,1,January,1,Thursday,2
2014-01-10,2014,1,January,1,Friday,2
2014-01-11,2014,1,January,1,Saturday,2
2014-01-12,2014,1,January,1,Sunday,2
2014-01-13,2014,1,January,1,Monday,3
2014-01-14,2014,1,January,1,Tuesday,3
2014-01-15,2014,1,January,1,Wednesday,3
2014-01-16,2014,1,January,1,Thursday,3
2014-01-17,2014,1,January,1,Friday,3
2014-01-18,2014,1,January,1,Saturday,3
2014-01-19,2014,1,January,1,Sunday,3
2014-01-20,2014,1,January,1,Monday,4
2014-01-21,2014,1,January,1,Tuesday,4
2014-01-22,2014,1,January,1,Wednesday,4
2014-01-23,2014,1,January,1,Thursday,4
2014-01-24,2014,1,January,1,Friday,4
2014-01-25,2014,1,January,1,Saturday,4
2014-01-26,2014,1,January,1,Sunday,4
2014-01-27,2014,1,January,1,Monday,5
2014-01-28,2014,1,January,1,Tuesday,5
2014-01-29,2014,1,January,1,Wednesday,5
2014-01-30,2014,1,January,1,Thursday,5
2014-01-31,2014,1,January,1,Friday,5
2014-02-01,2014,2,February,1,Saturday,5
2014-02-02,2014,2,February,1,Sunday,5
2014-02-03,2014,2,February,1,Monday,6
2014-02-04,2014,2,February,1,Tuesday,6
2014-02-05,2014,2,February,1,Wednesday,6
2014-02-06,2014,2,February,1,Thursday,6
2014-02-07,2014,2,February,1,Friday,6
2014-02-08,2014,2,February,1,Saturday,6
2014-02-09,2014,2,February,1,Sunday,6
2014-02-10,2014,2,February,1,Monday,7
2014-02-11,2014,2,February,1,Tuesday,7
2014-02-12,2014,2,February,1,Wednesday,7
2014-02-13,2014,2,February,1,Thursday,7
2014-02-14,2014,2,February,1,Friday,7
2014-02-15,2014,2,February,1,Saturday,7
2014-02-16,2014,2,February,1,Sunday,7
2014-02-17,2014,2,February,1,Monday,8
2014-02-18,2014,2,February,1,Tuesday,8
2014-02-19,2014,2,February,1,Wednesday,8
2014-02-20,2014,2,February,1,Thursday,8
2014-02-21,2014,2,February,1,Friday,8
2014-02-22,2014,2,February,1,Saturday,8
2014-02-23,2014,2,February,1,Sunday,8
2014-02-24,2014,2,February,1,Monday,9
2014-02-25,2014,2,February,1,Tuesday,9
2014-02-26,2014,2,February,1,Wednesday,9
2014-02-27,2014,2,February,1,Thursday,9
2014-02-28,2014,2,February,1,Friday,9
2014-03-01,2014,3,March,1,Saturday,9
2014-03-02,2014,3,March,1,Sunday,9
2014-03-03,2014,3,March,1,Monday,10
2014-03-04,2014,3,March,1,Tuesday,10
2014-03-05,2014,3,March,1,Wednesday,10
2014-03-06,2014,3,March,1,Thursday,10
2014-03-07,2014,3,March,1,Friday,10
2014-03-08,2014,3,March,1,Saturday,10
2014-03-09,2014,3,March,1,Sunday,10
2014-03-10,2014,3,March,1,Monday,11
2014-03-11,2014,3,March,1,Tuesday,11
2014-03-12,2014,3,March,1,Wednesday,11
2014-03-13,2014,3,March,1,Thursday,11
2014-03-14,2014,3,March,1,Friday,11
2014-03-15,2014,3,March,1,Saturday,11
2014-03-16,2014,3,March,1,Sunday,11
2014-03-17,2014,3,March,1,Monday,12
2014-03-18,2014,3,March,1,Tuesday,12
2014-03-19,2014,3,March,1,Wednesday,12
2014-03-20,2014,3,March,1,Thursday,12
2014-03-21,2014,3,March,1,Friday,12
2014-03-22,2014,3,March,1,Saturday,12
2014-03-23,2014,3,March,1,Sunday,12
2014-03-24,2014,3,March,1,Monday,13
2014-03-25,2014,3,March,1,Tuesday,13
2014-03-26,2014,3,March,1,Wednesday,13
2014-03-27,2014,3,March,1,Thursday,13
2014-03-28,2014,3,March,1,Friday,13
2014-03-29,2014,3,March,1,Saturday,13
2014-03-30,2014,3,March,1,Sunday,13
2014-03-31,2014,3,March,1,Monday,14
2014-04-01,2014,4,April,2,Tuesday,14
2014-04-02,2014,4,April,2,Wednesday,14
2014-04-03,2014,4,April,2,Thursday,14
2014-04-04,2014,4,April,2,Friday,14
2014-04-05,2014,4,April,2,Saturday,14
2014-04-06,2014,4,April,2,Sunday,14
2014-04-07,2014,4,April,2,Monday,15
2014-04-08,2014,4,April,2,Tuesday,15
2014-04-09,2014,4,April,2,Wednesday,15
2014-04-10,2014,4,April,2,Thursday,15
2014-04-11,2014,4,April,2,Friday,15
2014-04-12,2014,4,April,2,Saturday,15
2014-04-13,2014,4,April,2,Sunday,15
2014-04-14,2014,4,April,2,Monday,16
2014-04-15,2014,4,April,2,Tuesday,16
2014-04-16,2014,4,April,2,Wednesday,16
2014-04-17,2014,4,April,2,Thursday,16
2014-04-18,2014,4,April,2,Friday,16
2014-04-19,2014,4,April,2,Saturday,16
2014-04-20,2014,4,April,2,Sunday,16
2014-04-21,2014,4,April,2,Monday,17
2014-04-22,2014,4,April,2,Tuesday,17
2014-04-23,2014,4,April,2,Wednesday,17
2014-04-24,2014,4,April,2,Thursday,17
2014-04-25,2014,4,April,2,Friday,17
2014-04-26,2014,4,April,2,Saturday,17
2014-04-27,2014,4,April,2,Sunday,17
2014-04-28,2014,4,April,2,Monday,18
2014-04-29,2014,4,April,2,Tuesday,18
2014-04-30,2014,4,April,2,Wednesday,18
2014-05-01,2014,5,May,2,Thursday,18
2014-05-02,2014,5,May,2,Friday,18
2014-05-03,2014,5,May,2,Saturday,18
2014-05-04,2014,5,May,2,Sunday,18
2014-05-05,2014,5,May,2,Monday,19
2014-05-06,2014,5,May,2,Tuesday,19
2014-05-07,2014,5,May,2,Wednesday,19
2014-05-08,2014,5,May,2,Thursday,19
2014-05-09,2014,5,May,2,Friday,19
2014-05-10,2014,5,May,2,Saturday,19
2014-05-11,2014,5,May,2,Sunday,19
2014-05-12,2014,5,May,2,Monday,20
2014-05-13,2014,5,May,2,Tuesday,20
2014-05-14,2014,5,May,2,Wednesday,20
2014-05-15,2014,5,May,2,Thursday,20
2014-05-16,2014,5,May,2,Friday,20
2014-05-17,2014,5,May,2,Saturday,20
2014-05-18,2014,5,May,2,Sunday,20
2014-05-19,2014,5,May,2,Monday,21
2014-05-20,2014,5,May,2,Tuesday,21
2014-05-21,2014,5,May,2,Wednesday,21
2014-05-22,2014,5,May,2,Thursday,21
2014-05-23,2014,5,May,2,Friday,21
2014-05-24,2014,5,May,2,Saturday,21
2014-05-25,2014,5,May,2,Sunday,21
2014-05-26,2014,5,May,2,Monday,22
2014-05-27,2014,5,May,2,Tuesday,22
2014-05-28,2014,5,May,2,Wednesday,22
2014-05-29,2014,5,May,2,Thursday,22
2014-05-30,2014,5,May,2,Friday,22
2014-05-31,2014,5,May,2,Saturday,22
2014-06-01,2014,6,June,2,Sunday,22
2014-06-02,2014,6,June,2,Monday,23
2014-06-03,2014,6,June,2,Tuesday,23
2014-06-04,2014,6,June,2,Wednesday,23
2014-06-05,2014,6,June,2,Thursday,23
2014-06-06,2014,6,June,2,Friday,23
2014-06-07,2014,6,June,2,Saturday,23
2014-06-08,2014,6,June,2,Sunday,23
2014-06-09,2014,6,June,2,Monday,24
2014-06-10,2014,6,June,2,Tuesday,24
2014-06-11,2014,6,June,2,Wednesday,24
2014-06-12,2014,6,June,2,Thursday,24
2014-06-13,2014,6,June,2,Friday,24
2014-06-14,2014,6,June,2,Saturday,24
2014-06-15,2014,6,June,2,Sunday,24
2014-06-16,2014,6,June,2,Monday,25
2014-06-17,2014,6,June,2,Tuesday,25
2014-06-18,2014,6,June,2,Wednesday,25
2014-06-19,2014,6,June,2,Thursday,25
2014-06-20,2014,6,June,2,Friday,25
2014-06-21,2014,6,June,2,Saturday,25
2014-06-22,2014,6,June,2,Sunday,25
2014-06-23,2014,6,June,2,Monday,26
2014-06-24,2014,6,June,2,Tuesday,26
2014-06-25,2014,6,June,2,Wednesday,26
2014-06-26,2014,6,June,2,Thursday,26
2014-06-27,2014,6,June,2,Friday,26
2014-06-28,2014,6,June,2,Saturday,26
2014-06-29,2014,6,June,2,Sunday,26
2014-06-30,2014,6,June,2,Monday,27
2014-07-01,2014,7,July,3,Tuesday,27
2014-07-02,2014,7,July,3,Wednesday,27
2014-07-03,2014,7,July,3,Thursday,27
2014-07-04,2014,7,July,3,Friday,27
2014-07-05,2014,7,July,3,Saturday,27
2014-07-06,2014,7,July,3,Sunday,27
2014-07-07,2014,7,July,3,Monday,28
2014-07-08,2014,7,July,3,Tuesday,28
2014-07-09,2014,7,July,3,Wednesday,28
2014-07-10,2014,7,July,3,Thursday,28
2014-07-11,2014,7,July,3,Friday,28
2014-07-12,2014,7,July,3,Saturday,28
2014-07-13,2014,7,July,3,Sunday,28
2014-07-14,2014,7,July,3,Monday,29
2014-07-15,2014,7,July,3,Tuesday,29
2014-07-16,2014,7,July,3,Wednesday,29
2014-07-17,2014,7,July,3,Thursday,29
2014-07-18,2014,7,July,3,Friday,29
2014-07-19,2014,7,July,3,Saturday,29
2014-07-20,2014,7,July,3,Sunday,29
2014-07-21,2014,7,July,3,Monday,30
2014-07-22,2014,7,July,3,Tuesday,30
2014-07-23,2014,7,July,3,Wednesday,30
2014-07-24,2014,7,July,3,Thursday,30
2014-07-25,2014,7,July,3,Friday,30
2014-07-26,2014,7,July,3,Saturday,30
2014-07-27,2014,7,July,3,Sunday,30
2014-07-28,2014,7,July,3,Monday,31
2014-07-29,2014,7,July,3,Tuesday,31
2014-07-30,2014,7,July,3,Wednesday,31
2014-07-31,2014,7,July,3,Thursday,31
2014-08-01,2014,8,August,3,Friday,31
2014-08-02,2014,8,August,3,Saturday,31
2014-08-03,2014,8,August,3,Sunday,31
2014-08-04,2014,8,August,3,Monday,32
2014-08-05,2014,8,August,3,Tuesday,32
2014-08-06,2014,8,August,3,Wednesday,32
2014-08-07,2014,8,August,3,Thursday,32
2014-08-08,2014,8,August,3,Friday,32
2014-08-09,2014,8,August,3,Saturday,32
2014-08-10,2014,8,August,3,Sunday,32
2014-08-11,2014,8,August,3,Monday,33
2014-08-12,2014,8,August,3,Tuesday,33
2014-08-13,2014,8,August,3,Wednesday,33
2014-08-14,2014,8,August,3,Thursday,33
2014-08-15,2014,8,August,3,Friday,33
2014-08-16,2014,8,August,3,Saturday,33
2014-08-17,2014,8,August,3,Sunday,33
2014-08-18,2014,8,August,3,Monday,34
2014-08-19,2014,8,August,3,Tuesday,34
2014-08-20,2014,8,August,3,Wednesday,34
2014-08-21,2014,8,August,3,Thursday,34
2014-08-22,2014,8,August,3,Friday,34
2014-08-23,2014,8,August,3,Saturday,34
2014-08-24,2014,8,August,3,Sunday,34
2014-08-25,2014,8,August,3,Monday,35
2014-08-26,2014,8,August,3,Tuesday,35
2014-08-27,2014,8,August,3,Wednesday,35
2014-08-28,2014,8,August,3,Thursday,35
2014-08-29,2014,8,August,3,Friday,35
2014-08-30,2014,8,August,3,Saturday,35
2014-08-31,2014,8,August,3,Sunday,35
2014-09-01,2014,9,September,3,Monday,36
2014-09-02,2014,9,September,3,Tuesday,36
2014-09-03,2014,9,September,3,Wednesday,36
2014-09-04,2014,9,September,3,Thursday,36
2014-09-05,2014,9,September,3,Friday,36
2014-09-06,2014,9,September,3,Saturday,36
2014-09-07,2014,9,September,3,Sunday,36
2014-09-08,2014,9,September,3,Monday,37
2014-09-09,2014,9,September,3,Tuesday,37
2014-09-10,2014,9,September,3,Wednesday,37
2014-09-11,2014,9,September,3,Thursday,37
2014-09-12,2014,9,September,3,Friday,37
2014-09-13,2014,9,September,3,Saturday,37
2014-09-14,2014,9,September,3,Sunday,37
2014-09-15,2014,9,September,3,Monday,38
2014-09-16,2014,9,September,3,Tuesday,38
2014-09-17,2014,9,September,3,Wednesday,38
2014-09-18,2014,9,September,3,Thursday,38
2014-09-19,2014,9,September,3,Friday,38
2014-09-20,2014,9,September,3,Saturday,38
2014-09-21,2014,9,September,3,Sunday,38
2014-09-22,2014,9,September,3,Monday,39
2014-09-23,2014,9,September,3,Tuesday,39
2014-09-24,2014,9,September,3,Wednesday,39
2014-09-25,2014,9,September,3,Thursday,39
2014-09-26,2014,9,September,3,Friday,39
2014-09-27,2014,9,September,3,Saturday,39
2014-09-28,2014,9,September,3,Sunday,39
2014-09-29,2014,9,September,3,Monday,40
2014-09-30,2014,9,September,3,Tuesday,40
2014-10-01,2014,10,October,4,Wednesday,40
2014-10-02,2014,10,October,4,Thursday,40
2014-10-03,2014,10,October,4,Friday,40
2014-10-04,2014,10,October,4,Saturday,40
2014-10-05,2014,10,October,4,Sunday,40
2014-10-06,2014,10,October,4,Monday,41
2014-10-07,2014,10,October,4,Tuesday,41
2014-10-08,2014,10,October,4,Wednesday,41
2014-10-09,2014,10,October,4,Thursday,41
2014-10-10,2014,10,October,4,Friday,41
2014-10-11,2014,10,October,4,Saturday,41
2014-10-12,2014,10,October,4,Sunday,41
2014-10-13,2014,10,October,4,Monday,42
2014-10-14,2014,10,October,4,Tuesday,42
2014-10-15,2014,10,October,4,Wednesday,42
2014-10-16,2014,10,October,4,Thursday,42
2014-10-17,2014,10,October,4,Friday,42
2014-10-18,2014,10,October,4,Saturday,42
2014-10-19,2014,10,October,4,Sunday,42
2014-10-20,2014,10,October,4,Monday,43
2014-10-21,2014,10,October,4,Tuesday,43
2014-10-22,2014,10,October,4,Wednesday,43
2014-10-23,2014,10,October,4,Thursday,43
2014-10-24,2014,10,October,4,Friday,43
2014-10-25,2014,10,October,4,Saturday,43
2014-10-26,2014,10,October,4,Sunday,43
2014-10-27,2014,10,October,4,Monday,44
2014-10-28,2014,10,October,4,Tuesday,44
2014-10-29,2014,10,October,4,Wednesday,44
2014-10-30,2014,10,October,4,Thursday,44
2014-10-31,2014,10,October,4,Friday,44
2014-11-01,2014,11,November,4,Saturday,44
2014-11-02,2014,11,November,4,Sunday,44
2014-11-03,2014,11,November,4,Monday,45
2014-11-04,2014,11,November,4,Tuesday,45
2014-11-05,2014,11,November,4,Wednesday,45
2014-11-06,2014,11,November,4,Thursday,45
2014-11-07,2014,11,November,4,Friday,45
2014-11-08,2014,11,November,4,Saturday,45
2014-11-09,2014,11,November,4,Sunday,45
2014-11-10,2014,11,November,4,Monday,46
2014-11-11,2014,11,November,4,Tuesday,46
2014-11-12,2014,11,November,4,Wednesday,46
2014-11-13,2014,11,November,4,Thursday,46
2014-11-14,2014,11,November,4,Friday,46
2014-11-15,2014,11,November,4,Saturday,46
2014-11-16,2014,11,November,4,Sunday,46
2014-11-17,2014,11,November,4,Monday,47
2014-11-18,2014,11,November,4,Tuesday,47
2014-11-19,2014,11,November,4,Wednesday,47
2014-11-20,2014,11,November,4,Thursday,47
2014-11-21,2014,11,November,4,Friday,47
2014-11-22,2014,11,November,4,Saturday,47
2014-11-23,2014,11,November,4,Sunday,47
2014-11-24,2014,11,November,4,Monday,48
2014-11-25,2014,11,November,4,Tuesday,48
2014-11-26,2014,11,November,4,Wednesday,48
2014-11-27,2014,11,November,4,Thursday,48
2014-11-28,2014,11,November,4,Friday,48
2014-11-29,2014,11,November,4,Saturday,48
2014-11-30,2014,11,November,4,Sunday,48
2014-12-01,2014,12,December,4,Monday,49
2014-12-02,2014,12,December,4,Tuesday,49
2014-12-03,2014,12,December,4,Wednesday,49
2014-12-04,2014,12,December,4,Thursday,49
2014-12-05,2014,12,December,4,Friday,49
2014-12-06,2014,12,December,4,Saturday,49
2014-12-07,2014,12,December,4,Sunday,49
2014-12-08,2014,12,December,4,Monday,50
2014-12-09,2014,12,December,4,Tuesday,50
2014-12-10,2014,12,December,4,Wednesday,50
2014-12-11,2014,12,December,4,Thursday,50
2014-12-12,2014,12,December,4,Friday,50
2014-12-13,2014,12,December,4,Saturday,50
2014-12-14,2014,12,December,4,Sunday,50
2014-12-15,2014,12,December,4,Monday,51
2014-12-16,2014,12,December,4,Tuesday,51
2014-12-17,2014,12,December,4,Wednesday,51
2014-12-18,2014,12,December,4,Thursday,51
2014-12-19,2014,12,December,4,Friday,51
2014-12-20,2014,12,December,4,Saturday,51
2014-12-21,2014,12,December,4,Sunday,51
2014-12-22,2014,12,December,4,Monday,52
2014-12-23,2014,12,December,4,Tuesday,52
2014-12-24,2014,12,December,4,Wednesday,52
2014-12-25,2014,12,December,4,Thursday,52
2014-12-26,2014,12,December,4,Friday,52
2014-12-27,2014,12,December,4,Saturday,52
2014-12-28,2014,12,December,4,Sunday,52
2014-12-29,2014,12,December,4,Monday,1
2014-12-30,2014,12,December,4,Tuesday,1
2014-12-31,2014,12,December,4,Wednesday,1
2015-01-01,2015,1,January,1,Thursday,1
2015-01-02,2015,1,January,1,Friday,1
2015-01-03,2015,1,January,1,Saturday,1
2015-01-04,2015,1,January,1,Sunday,1
2015-01-05,2015,1,January,1,Monday,2
2015-01-06,2015,1,January,1,Tuesday,2
2015-01-07,2015,1,January,1,Wednesday,2
